               epoch,      train/box_loss,      train/obj_loss,      train/cls_loss,   metrics/precision,      metrics/recall,     metrics/mAP_0.5,metrics/mAP_0.5:0.95,        val/box_loss,        val/obj_loss,        val/cls_loss,               x/lr0,               x/lr1,               x/lr2
                   0,             0.10564,            0.020249,            0.026539,           0.0010246,                 0.5,           0.0035687,          0.00097956,            0.089353,            0.016978,             0.02196,              0.0031,              0.0031,              0.0721
                   1,             0.10286,            0.019975,            0.026328,          0.00019619,             0.25417,          0.00095145,          0.00024971,            0.087316,            0.016777,            0.021931,           0.0062717,           0.0062717,            0.043272
                   2,             0.09681,            0.020295,            0.026055,          0.00062188,             0.16948,          0.00039695,          5.8343e-05,            0.082967,            0.016306,            0.021702,           0.0094145,           0.0094145,            0.014414
                   3,            0.088928,            0.020725,             0.02512,            0.018723,            0.021847,           0.0035245,          0.00074483,            0.074872,            0.017263,            0.040957,            0.009865,            0.009865,            0.009865
                   4,            0.084176,            0.020412,            0.024054,           0.0018025,            0.033784,           0.0019772,          0.00041717,            0.065261,            0.017601,            0.024049,            0.009865,            0.009865,            0.009865
                   5,            0.078037,            0.020382,            0.022981,            0.022818,             0.04388,            0.019979,           0.0056537,            0.055787,            0.015302,            0.019906,             0.00982,             0.00982,             0.00982
                   6,            0.074116,            0.020675,            0.021708,           0.0018053,             0.73523,           0.0037948,          0.00094364,            0.074894,             0.01351,            0.018256,            0.009775,            0.009775,            0.009775
                   7,            0.069656,            0.019574,            0.020952,             0.54021,               0.075,            0.025019,            0.006114,            0.057006,            0.015862,            0.018373,             0.00973,             0.00973,             0.00973
                   8,            0.065841,            0.018941,            0.019809,             0.52929,             0.13333,            0.038181,           0.0079599,            0.055919,            0.014851,            0.016628,            0.009685,            0.009685,            0.009685
                   9,            0.063749,            0.018414,            0.019018,             0.54287,            0.083333,            0.031412,           0.0078352,            0.057785,            0.014287,            0.016035,             0.00964,             0.00964,             0.00964
                  10,            0.061016,            0.018124,            0.018285,             0.04767,            0.079167,            0.052821,            0.015209,             0.05781,            0.012644,            0.017516,            0.009595,            0.009595,            0.009595
                  11,            0.058074,            0.017354,            0.017537,            0.019478,            0.016667,           0.0089844,           0.0018337,            0.069557,            0.011468,            0.017668,             0.00955,             0.00955,             0.00955
                  12,            0.057112,            0.016175,            0.016628,             0.61868,            0.091667,              0.1056,            0.038465,            0.052403,             0.01287,             0.01566,            0.009505,            0.009505,            0.009505
                  13,            0.056914,             0.01614,            0.015444,             0.10284,              0.2506,             0.15829,             0.04881,            0.049462,            0.011679,             0.01477,             0.00946,             0.00946,             0.00946
                  14,            0.054857,            0.015372,            0.014386,             0.45144,             0.23456,             0.23859,            0.095972,            0.047809,            0.012192,            0.014822,            0.009415,            0.009415,            0.009415
                  15,            0.052313,            0.014239,            0.013108,             0.05326,             0.34792,             0.10825,            0.029576,            0.053034,            0.011956,            0.013782,             0.00937,             0.00937,             0.00937
                  16,            0.053829,            0.014296,            0.011587,             0.15792,             0.16914,             0.14254,            0.028059,            0.053288,            0.011498,            0.013049,            0.009325,            0.009325,            0.009325
                  17,            0.051865,            0.013645,             0.01047,             0.43059,             0.17652,             0.20518,            0.076811,            0.052252,            0.010897,            0.015141,             0.00928,             0.00928,             0.00928
                  18,            0.049123,            0.013773,           0.0093945,             0.13762,             0.25002,            0.090248,            0.016321,             0.05527,            0.020146,             0.01776,            0.009235,            0.009235,            0.009235
                  19,            0.048678,            0.012942,           0.0086154,             0.16519,             0.37689,             0.19733,            0.051828,            0.054283,            0.010113,            0.011637,             0.00919,             0.00919,             0.00919
                  20,            0.049893,            0.012856,           0.0079493,             0.33106,             0.28578,             0.33507,            0.075957,            0.060961,            0.010369,            0.011193,            0.009145,            0.009145,            0.009145
                  21,            0.048418,            0.012499,             0.00713,             0.68631,              0.1625,             0.22953,            0.071994,            0.047821,            0.011485,            0.007673,              0.0091,              0.0091,              0.0091
                  22,             0.04737,            0.012453,            0.006761,             0.69847,                0.15,             0.14665,            0.039107,            0.054043,            0.010229,            0.010097,            0.009055,            0.009055,            0.009055
                  23,            0.047186,            0.012157,           0.0065322,             0.32035,             0.40397,             0.42614,             0.15991,            0.047148,            0.010122,           0.0080772,             0.00901,             0.00901,             0.00901
                  24,            0.047303,            0.012703,           0.0062547,            0.093789,             0.32868,             0.17253,            0.054053,            0.060495,            0.012513,            0.016315,            0.008965,            0.008965,            0.008965
                  25,            0.045938,            0.011928,           0.0055678,             0.19204,             0.39556,             0.24133,            0.062369,            0.054256,            0.010656,            0.010139,             0.00892,             0.00892,             0.00892
                  26,            0.045686,            0.011591,           0.0052677,              0.4448,             0.44074,             0.40525,             0.16363,             0.05674,            0.009023,           0.0083984,            0.008875,            0.008875,            0.008875
                  27,            0.044658,            0.011148,           0.0055008,             0.26345,             0.45788,             0.36459,             0.12791,            0.049981,            0.009409,           0.0085332,             0.00883,             0.00883,             0.00883
                  28,            0.043267,             0.01137,           0.0048457,             0.19076,             0.32735,             0.21512,            0.062283,            0.051902,           0.0093579,           0.0083821,            0.008785,            0.008785,            0.008785
                  29,            0.042724,            0.011035,           0.0049624,              0.3697,              0.3402,               0.357,             0.11026,            0.051686,           0.0096094,           0.0087668,             0.00874,             0.00874,             0.00874
                  30,            0.041402,            0.011411,            0.004559,             0.20001,             0.40164,             0.26839,            0.071312,            0.053155,            0.010771,            0.011405,            0.008695,            0.008695,            0.008695
                  31,            0.042707,            0.010816,           0.0045596,             0.78375,             0.14858,             0.16485,            0.050064,            0.049671,           0.0099468,            0.012569,             0.00865,             0.00865,             0.00865
                  32,            0.041762,            0.011102,           0.0045033,             0.37074,             0.65039,             0.55387,             0.18709,            0.049304,           0.0091981,           0.0065594,            0.008605,            0.008605,            0.008605
                  33,            0.040515,            0.010846,           0.0043793,             0.40028,             0.58343,             0.51054,             0.18827,            0.045788,           0.0090199,            0.011004,             0.00856,             0.00856,             0.00856
                  34,            0.040492,            0.010641,           0.0041647,             0.71227,             0.50392,             0.47976,             0.15835,            0.048099,           0.0084135,           0.0052243,            0.008515,            0.008515,            0.008515
                  35,            0.041116,            0.010449,           0.0043785,             0.77626,               0.175,              0.2054,            0.060082,            0.051825,           0.0091778,            0.008875,             0.00847,             0.00847,             0.00847
                  36,            0.040439,            0.010659,           0.0038184,              0.5218,             0.53155,             0.53098,             0.21085,            0.048889,           0.0086949,           0.0070962,            0.008425,            0.008425,            0.008425
                  37,            0.036932,            0.010184,           0.0035757,             0.42756,             0.32064,             0.39071,             0.14859,            0.055911,           0.0084327,           0.0076003,             0.00838,             0.00838,             0.00838
                  38,            0.039036,           0.0099779,           0.0039185,             0.38011,             0.34429,              0.4591,             0.18009,            0.044525,           0.0092364,           0.0076801,            0.008335,            0.008335,            0.008335
                  39,            0.038092,            0.009843,           0.0034215,             0.31403,             0.57758,             0.37967,             0.11332,            0.048121,           0.0092085,            0.011077,             0.00829,             0.00829,             0.00829
                  40,            0.038167,            0.010116,           0.0037288,             0.58365,              0.7038,              0.6077,             0.22212,            0.044318,           0.0082266,            0.005098,            0.008245,            0.008245,            0.008245
                  41,            0.038126,           0.0099147,           0.0032468,             0.31059,              0.6075,             0.45491,             0.16156,            0.049099,           0.0085216,           0.0066988,              0.0082,              0.0082,              0.0082
                  42,            0.037554,           0.0099072,           0.0036706,             0.43525,             0.58533,             0.52317,             0.24529,            0.044892,           0.0091014,           0.0087325,            0.008155,            0.008155,            0.008155
                  43,            0.036899,            0.009854,           0.0029339,             0.84403,             0.27701,              0.5309,             0.22065,            0.042249,           0.0089724,           0.0053118,             0.00811,             0.00811,             0.00811
                  44,            0.037313,           0.0097268,           0.0035281,             0.52218,             0.52669,             0.48522,             0.16251,            0.053742,           0.0089671,           0.0061077,            0.008065,            0.008065,            0.008065
                  45,            0.036852,           0.0094276,           0.0032572,              0.5139,              0.4799,             0.49293,             0.16574,            0.046884,           0.0082229,           0.0069848,             0.00802,             0.00802,             0.00802
                  46,            0.036846,           0.0093276,           0.0033102,             0.59827,             0.68888,              0.7103,              0.2869,            0.044286,           0.0085045,           0.0067174,            0.007975,            0.007975,            0.007975
                  47,            0.034614,           0.0094292,           0.0029983,             0.69904,             0.65194,             0.66407,              0.2384,            0.043519,           0.0082701,            0.004972,             0.00793,             0.00793,             0.00793
                  48,            0.035027,           0.0094427,           0.0033432,             0.54126,              0.5116,             0.50093,             0.16769,            0.054177,           0.0087136,            0.006289,            0.007885,            0.007885,            0.007885
                  49,             0.03478,           0.0094449,           0.0030711,             0.35665,             0.54716,             0.46402,             0.15129,            0.049481,           0.0088441,           0.0065926,             0.00784,             0.00784,             0.00784
                  50,            0.034371,           0.0088985,           0.0029225,             0.54634,             0.40731,             0.41883,             0.12519,            0.055389,           0.0089466,           0.0052728,            0.007795,            0.007795,            0.007795
                  51,            0.035119,           0.0089788,           0.0031346,              0.5753,             0.27917,             0.33904,             0.10812,              0.0434,             0.00902,           0.0061924,             0.00775,             0.00775,             0.00775
                  52,            0.035581,           0.0093874,           0.0034106,             0.54528,             0.59274,              0.5824,             0.22758,            0.045446,           0.0085856,           0.0043018,            0.007705,            0.007705,            0.007705
                  53,            0.035022,           0.0094354,           0.0031814,             0.63985,             0.55803,             0.55963,             0.18388,            0.049478,           0.0085404,           0.0072675,             0.00766,             0.00766,             0.00766
                  54,            0.034146,           0.0088256,           0.0030856,             0.81756,             0.28333,             0.42991,             0.14823,            0.044829,           0.0089239,           0.0050456,            0.007615,            0.007615,            0.007615
                  55,            0.034079,           0.0087513,           0.0029581,             0.75641,             0.67561,             0.73715,             0.30601,            0.039141,           0.0086781,           0.0051547,             0.00757,             0.00757,             0.00757
                  56,            0.034387,           0.0094432,           0.0029998,             0.57399,             0.52131,             0.60891,             0.19412,            0.049616,           0.0082255,           0.0046384,            0.007525,            0.007525,            0.007525
                  57,            0.033065,           0.0090614,           0.0026931,             0.56297,             0.67464,              0.6349,              0.2356,            0.043758,           0.0085712,           0.0058392,             0.00748,             0.00748,             0.00748
                  58,            0.033576,            0.008655,            0.002812,             0.63547,             0.69728,             0.67468,             0.28922,            0.044023,           0.0082663,           0.0068935,            0.007435,            0.007435,            0.007435
                  59,            0.033988,           0.0087406,           0.0027599,             0.54465,             0.63266,              0.5926,             0.24571,             0.04631,           0.0082841,           0.0046596,             0.00739,             0.00739,             0.00739
                  60,            0.032644,           0.0092129,           0.0025426,             0.52329,             0.68945,             0.62071,             0.18832,            0.043997,           0.0084295,           0.0061989,            0.007345,            0.007345,            0.007345
                  61,            0.032777,           0.0084267,           0.0024288,             0.66348,             0.53527,             0.62509,             0.22847,            0.041229,           0.0083204,           0.0077244,              0.0073,              0.0073,              0.0073
                  62,              0.0319,            0.008523,           0.0025449,             0.83156,             0.66134,              0.7063,             0.29704,             0.04158,           0.0080983,           0.0049332,            0.007255,            0.007255,            0.007255
                  63,            0.031871,            0.008453,           0.0025889,              0.5234,             0.56815,             0.58183,             0.26115,            0.041223,           0.0087459,           0.0043376,             0.00721,             0.00721,             0.00721
                  64,            0.031997,           0.0083614,           0.0024309,             0.50603,             0.59779,             0.55504,             0.21287,            0.046571,           0.0086331,           0.0054285,            0.007165,            0.007165,            0.007165
                  65,            0.032155,           0.0082837,           0.0027039,             0.47131,             0.59277,             0.53468,              0.1863,            0.043445,           0.0082752,           0.0072181,             0.00712,             0.00712,             0.00712
                  66,            0.031516,           0.0083289,           0.0022952,             0.65835,             0.52605,             0.53307,             0.25694,            0.039871,           0.0084967,           0.0046285,            0.007075,            0.007075,            0.007075
                  67,            0.030839,           0.0082645,            0.002524,             0.69148,             0.67802,             0.64238,             0.26404,            0.043441,           0.0084819,           0.0044533,             0.00703,             0.00703,             0.00703
                  68,            0.031611,           0.0084856,           0.0027218,             0.69162,             0.70448,             0.60603,             0.25413,            0.043747,           0.0093139,           0.0051206,            0.006985,            0.006985,            0.006985
                  69,            0.031069,           0.0080186,           0.0024712,             0.58999,             0.56503,             0.56612,             0.24742,             0.04697,           0.0089178,           0.0051768,             0.00694,             0.00694,             0.00694
                  70,            0.030284,           0.0083846,            0.002001,             0.58442,             0.61189,             0.63599,             0.30059,            0.038642,           0.0089679,           0.0044182,            0.006895,            0.006895,            0.006895
                  71,            0.031383,           0.0082234,           0.0025262,               0.714,             0.48725,             0.52712,             0.19135,             0.04926,           0.0083214,           0.0055755,             0.00685,             0.00685,             0.00685
                  72,            0.029633,           0.0079684,           0.0021029,             0.82449,             0.48309,             0.64023,             0.28756,            0.042642,           0.0089895,           0.0041177,            0.006805,            0.006805,            0.006805
                  73,            0.030319,           0.0079274,           0.0022516,             0.43683,             0.53861,             0.51665,             0.20908,            0.047403,           0.0086939,           0.0055659,             0.00676,             0.00676,             0.00676
                  74,             0.03071,           0.0082844,           0.0023994,             0.56365,             0.68031,             0.66772,             0.27485,            0.038613,           0.0082007,           0.0051971,            0.006715,            0.006715,            0.006715
                  75,            0.029446,           0.0083546,           0.0021729,             0.52476,             0.62239,             0.60635,             0.27366,            0.047648,           0.0084818,           0.0046624,             0.00667,             0.00667,             0.00667
                  76,            0.030369,           0.0086306,            0.002569,             0.77054,             0.29149,             0.38874,             0.12331,            0.045157,           0.0096763,           0.0055053,            0.006625,            0.006625,            0.006625
                  77,            0.029956,           0.0080363,           0.0021128,             0.76669,             0.42543,             0.48999,              0.1434,            0.049643,           0.0089089,           0.0039325,             0.00658,             0.00658,             0.00658
                  78,             0.02949,           0.0077547,           0.0021382,             0.78888,             0.53727,              0.6477,             0.27418,            0.041355,           0.0086681,           0.0057985,            0.006535,            0.006535,            0.006535
                  79,            0.030461,            0.007952,           0.0024575,             0.82282,             0.52059,             0.63116,             0.24323,            0.044491,           0.0085882,           0.0064587,             0.00649,             0.00649,             0.00649
                  80,            0.028654,           0.0080301,           0.0021678,             0.87883,             0.27083,             0.48258,             0.17591,            0.042435,           0.0092435,            0.004468,            0.006445,            0.006445,            0.006445
                  81,            0.028448,           0.0078464,           0.0020817,             0.57081,             0.58162,             0.62654,             0.26812,            0.040692,           0.0085589,           0.0049821,              0.0064,              0.0064,              0.0064
                  82,            0.028537,           0.0079243,           0.0019118,             0.72015,             0.38416,             0.56251,              0.2532,            0.043472,            0.010433,           0.0081918,            0.006355,            0.006355,            0.006355
                  83,            0.029162,           0.0076759,           0.0022462,             0.39124,             0.47949,             0.51148,             0.15534,            0.043026,           0.0087206,           0.0046558,             0.00631,             0.00631,             0.00631
                  84,            0.027933,           0.0075967,            0.001994,             0.70583,             0.62774,             0.68293,             0.25546,            0.042428,           0.0084503,           0.0069779,            0.006265,            0.006265,            0.006265
                  85,             0.02778,           0.0079331,           0.0021851,             0.89089,             0.50809,             0.66158,              0.2679,            0.041533,           0.0088053,           0.0042191,             0.00622,             0.00622,             0.00622
                  86,            0.028354,           0.0077433,           0.0020085,             0.79835,             0.40707,             0.55284,             0.13935,            0.047516,           0.0095987,           0.0054012,            0.006175,            0.006175,            0.006175
                  87,            0.027815,           0.0074991,           0.0020111,             0.64265,             0.59852,             0.65838,             0.24493,            0.042581,           0.0086169,           0.0055564,             0.00613,             0.00613,             0.00613
                  88,            0.027899,            0.007577,           0.0021591,             0.55515,              0.5627,             0.51535,              0.2128,            0.050927,           0.0086135,           0.0059434,            0.006085,            0.006085,            0.006085
                  89,            0.028173,            0.007823,           0.0021464,             0.72653,             0.56147,             0.70004,              0.2936,            0.038769,           0.0088513,           0.0026094,             0.00604,             0.00604,             0.00604
                  90,            0.028436,           0.0078249,           0.0020979,             0.57199,             0.56776,             0.59697,             0.23797,            0.043159,           0.0095902,           0.0057038,            0.005995,            0.005995,            0.005995
                  91,             0.02793,           0.0077086,           0.0018772,             0.51422,             0.47505,              0.5035,             0.20702,              0.0438,            0.009595,           0.0058597,             0.00595,             0.00595,             0.00595
                  92,            0.027708,           0.0072972,           0.0019492,             0.36797,              0.3346,             0.46122,             0.17036,            0.044825,           0.0097388,           0.0044719,            0.005905,            0.005905,            0.005905
                  93,            0.027262,           0.0075774,           0.0022454,              0.7128,             0.65401,             0.67691,             0.28419,            0.041717,           0.0084668,           0.0028964,             0.00586,             0.00586,             0.00586
                  94,            0.027455,           0.0077776,           0.0021009,             0.58176,              0.5394,             0.58261,              0.1814,            0.042622,           0.0087473,           0.0063588,            0.005815,            0.005815,            0.005815
                  95,             0.02662,           0.0072422,           0.0018905,              0.5466,             0.39832,             0.50611,             0.19641,             0.04178,           0.0095179,            0.004876,             0.00577,             0.00577,             0.00577
                  96,            0.026821,           0.0073159,           0.0018749,             0.28202,             0.59603,             0.50114,             0.17757,            0.049207,           0.0094711,           0.0056765,            0.005725,            0.005725,            0.005725
                  97,             0.02779,            0.007499,           0.0022966,             0.54992,             0.66331,             0.58139,             0.18231,            0.041507,           0.0091565,           0.0048849,             0.00568,             0.00568,             0.00568
                  98,            0.027127,           0.0075817,           0.0019439,             0.40247,             0.43211,             0.54154,             0.18624,            0.041993,           0.0096436,           0.0045447,            0.005635,            0.005635,            0.005635
                  99,            0.026515,           0.0077324,           0.0015433,             0.68659,             0.63887,             0.63749,             0.28191,            0.041047,           0.0090067,           0.0040007,             0.00559,             0.00559,             0.00559
                 100,            0.026337,           0.0075419,           0.0017847,             0.79737,             0.50628,             0.58498,             0.24198,            0.040201,           0.0090762,           0.0044995,            0.005545,            0.005545,            0.005545
                 101,            0.026562,           0.0072464,           0.0015299,             0.55402,             0.59597,             0.61423,             0.25102,            0.046597,           0.0087187,           0.0088468,              0.0055,              0.0055,              0.0055
                 102,            0.026544,           0.0071332,           0.0016671,             0.49741,             0.61076,             0.57761,             0.27043,            0.038556,           0.0088674,           0.0070693,            0.005455,            0.005455,            0.005455
                 103,            0.025726,           0.0072628,           0.0017782,             0.51463,             0.62453,             0.62097,             0.26911,             0.04046,             0.00894,           0.0044335,             0.00541,             0.00541,             0.00541
                 104,            0.026273,           0.0075795,           0.0018403,             0.62627,             0.67223,             0.67841,             0.34358,             0.03876,           0.0087495,           0.0039916,            0.005365,            0.005365,            0.005365
                 105,            0.026212,            0.007511,           0.0019438,             0.66373,             0.57666,             0.64654,             0.27649,             0.03857,           0.0092327,           0.0048292,             0.00532,             0.00532,             0.00532
                 106,            0.026526,           0.0073534,           0.0019984,             0.65413,             0.63874,             0.65219,             0.28817,            0.041993,           0.0088821,           0.0033223,            0.005275,            0.005275,            0.005275
                 107,            0.025698,           0.0076695,           0.0017448,               0.746,             0.62712,             0.64062,             0.26465,            0.042106,           0.0088596,           0.0041422,             0.00523,             0.00523,             0.00523
                 108,            0.026106,           0.0073812,           0.0018888,             0.70512,              0.6311,             0.65001,             0.26472,            0.039389,           0.0086722,           0.0019805,            0.005185,            0.005185,            0.005185
                 109,            0.025692,            0.007335,           0.0017642,             0.79541,             0.56935,             0.62371,             0.26177,            0.042265,           0.0093614,           0.0071807,             0.00514,             0.00514,             0.00514
                 110,            0.026901,           0.0076714,            0.001837,             0.51211,               0.517,             0.50404,             0.16233,             0.04853,           0.0090646,           0.0062895,            0.005095,            0.005095,            0.005095
                 111,             0.02485,           0.0069632,           0.0016925,             0.43438,             0.36851,             0.51394,             0.23541,            0.042386,            0.010138,           0.0071191,             0.00505,             0.00505,             0.00505
                 112,            0.026149,           0.0070976,           0.0019504,             0.64098,             0.59531,             0.59286,             0.20834,            0.045576,           0.0090513,           0.0043935,            0.005005,            0.005005,            0.005005
                 113,            0.026213,           0.0070307,            0.001816,             0.50482,             0.53088,             0.59271,             0.24242,            0.041423,           0.0094765,           0.0079568,             0.00496,             0.00496,             0.00496
                 114,            0.025258,           0.0070109,           0.0017155,             0.62084,             0.66553,             0.67912,             0.32426,            0.037901,           0.0091157,           0.0055551,            0.004915,            0.004915,            0.004915
                 115,            0.025347,           0.0072394,           0.0017183,             0.57952,              0.5919,             0.60559,              0.2362,            0.043134,           0.0092163,           0.0039472,             0.00487,             0.00487,             0.00487
                 116,            0.025206,           0.0073571,           0.0016429,             0.59211,             0.61716,             0.60595,             0.26391,            0.044566,           0.0091755,           0.0047454,            0.004825,            0.004825,            0.004825
                 117,             0.02542,           0.0071626,            0.001527,             0.38602,              0.4267,             0.44754,             0.18951,            0.039633,            0.010081,            0.003489,             0.00478,             0.00478,             0.00478
                 118,            0.025819,           0.0069682,           0.0016599,             0.64365,             0.63466,             0.62096,             0.26275,            0.039471,            0.009179,             0.00502,            0.004735,            0.004735,            0.004735
                 119,            0.025048,            0.006965,           0.0017132,             0.64135,             0.57712,             0.57236,              0.2492,            0.044444,           0.0089464,           0.0035912,             0.00469,             0.00469,             0.00469
                 120,            0.024077,           0.0069543,           0.0014326,             0.57535,             0.43961,             0.56556,             0.26022,            0.039445,           0.0099829,           0.0040412,            0.004645,            0.004645,            0.004645
                 121,            0.024684,           0.0068848,           0.0017927,             0.65584,             0.65835,             0.63195,             0.28149,            0.040157,            0.009099,           0.0039662,              0.0046,              0.0046,              0.0046
                 122,            0.023954,           0.0069432,           0.0017494,             0.74383,             0.66065,             0.64154,             0.29011,            0.041267,           0.0091528,            0.003587,            0.004555,            0.004555,            0.004555
                 123,            0.024788,           0.0070219,           0.0017234,             0.74845,             0.66304,             0.65141,             0.30671,            0.042061,           0.0091744,           0.0033589,             0.00451,             0.00451,             0.00451
                 124,            0.024988,            0.006923,           0.0016271,             0.73944,             0.44403,             0.59477,             0.26038,            0.042455,           0.0093697,           0.0064834,            0.004465,            0.004465,            0.004465
                 125,            0.023218,           0.0068881,           0.0015378,             0.64996,             0.67078,              0.6427,             0.28114,            0.040895,           0.0088588,           0.0051405,             0.00442,             0.00442,             0.00442
                 126,            0.024229,           0.0067867,           0.0015283,             0.51634,              0.5341,             0.52012,             0.17717,            0.043604,           0.0095995,           0.0049706,            0.004375,            0.004375,            0.004375
                 127,            0.024477,           0.0070828,           0.0016898,             0.64807,             0.66218,             0.63005,             0.27547,            0.039883,           0.0090685,           0.0032565,             0.00433,             0.00433,             0.00433
                 128,            0.023719,           0.0071437,           0.0018317,             0.50939,             0.51877,             0.54536,             0.22343,            0.040295,            0.010231,           0.0040986,            0.004285,            0.004285,            0.004285
                 129,            0.024625,           0.0069619,            0.001483,             0.67716,             0.62142,             0.63344,              0.2714,            0.042125,           0.0087326,           0.0043462,             0.00424,             0.00424,             0.00424
                 130,            0.024713,            0.007006,           0.0017604,             0.54304,             0.43291,             0.52397,              0.2093,            0.044352,            0.008789,           0.0045272,            0.004195,            0.004195,            0.004195
                 131,            0.023803,           0.0067204,           0.0015264,             0.65187,             0.64277,             0.66796,             0.29279,            0.042136,           0.0085764,            0.003678,             0.00415,             0.00415,             0.00415
                 132,            0.023118,           0.0068589,           0.0015711,             0.58984,             0.60945,             0.59107,             0.26291,            0.039235,           0.0091862,           0.0045748,            0.004105,            0.004105,            0.004105
                 133,            0.024194,           0.0068271,            0.001312,             0.84501,             0.67356,             0.70628,              0.3255,            0.040403,            0.008594,            0.004404,             0.00406,             0.00406,             0.00406
                 134,            0.023911,           0.0068997,           0.0017375,             0.74274,             0.64318,             0.66359,             0.33367,            0.038775,           0.0093197,           0.0062598,            0.004015,            0.004015,            0.004015
                 135,            0.024382,            0.006837,           0.0018173,             0.74195,             0.63791,             0.66725,              0.2838,            0.039698,           0.0084447,           0.0053691,             0.00397,             0.00397,             0.00397
                 136,            0.022635,           0.0068536,           0.0014602,             0.78783,             0.64169,              0.6691,             0.29271,            0.041263,           0.0090825,           0.0048986,            0.003925,            0.003925,            0.003925
                 137,            0.023148,           0.0069153,           0.0013389,             0.75841,             0.65421,             0.71227,             0.29947,            0.041781,           0.0087448,           0.0029116,             0.00388,             0.00388,             0.00388
                 138,            0.024078,           0.0068843,           0.0015996,              0.6688,             0.67331,             0.66777,             0.27455,             0.04006,           0.0090557,           0.0023573,            0.003835,            0.003835,            0.003835
                 139,             0.02324,           0.0067817,           0.0014576,             0.72394,               0.657,             0.69248,             0.31833,            0.038618,           0.0091143,           0.0047728,             0.00379,             0.00379,             0.00379
                 140,            0.023364,           0.0068003,           0.0012992,             0.56981,             0.63602,             0.61218,               0.268,            0.042663,            0.008824,            0.004324,            0.003745,            0.003745,            0.003745
                 141,             0.02328,            0.006766,           0.0014796,             0.54584,             0.59565,             0.60312,             0.29036,            0.043067,            0.009342,           0.0049472,              0.0037,              0.0037,              0.0037
                 142,            0.023488,           0.0066521,           0.0015837,             0.72602,             0.64141,             0.64497,             0.28544,            0.039553,           0.0088982,           0.0050428,            0.003655,            0.003655,            0.003655
                 143,            0.023032,           0.0069327,           0.0016885,             0.65708,             0.64852,             0.62872,             0.29333,            0.043127,           0.0091148,           0.0031999,             0.00361,             0.00361,             0.00361
                 144,            0.023037,           0.0063474,           0.0013769,             0.80142,              0.5021,              0.5949,              0.2593,             0.04208,           0.0098138,           0.0038009,            0.003565,            0.003565,            0.003565
                 145,            0.023239,           0.0063693,           0.0015025,             0.63982,             0.50225,             0.63984,             0.27801,             0.04108,           0.0095965,            0.003734,             0.00352,             0.00352,             0.00352
                 146,            0.022301,           0.0065908,            0.001563,             0.75557,             0.61783,             0.66344,             0.31107,            0.045576,           0.0086182,           0.0038726,            0.003475,            0.003475,            0.003475
                 147,            0.023067,            0.006567,           0.0016491,             0.68459,              0.6111,             0.62173,             0.28247,            0.041363,           0.0096401,            0.005852,             0.00343,             0.00343,             0.00343
                 148,            0.022022,           0.0068539,           0.0015933,             0.67716,             0.64134,             0.64674,             0.30201,            0.041864,           0.0091697,           0.0029016,            0.003385,            0.003385,            0.003385
                 149,            0.022589,           0.0067656,           0.0014701,             0.71706,             0.65527,             0.65264,              0.2814,            0.040581,            0.008952,            0.003435,             0.00334,             0.00334,             0.00334
                 150,            0.022546,           0.0065463,           0.0014008,             0.63178,             0.63542,             0.61438,             0.23114,            0.041961,            0.010018,            0.005739,            0.003295,            0.003295,            0.003295
                 151,            0.022525,           0.0062508,           0.0013807,             0.71652,             0.64379,             0.63261,              0.2883,            0.042057,           0.0098038,           0.0035649,             0.00325,             0.00325,             0.00325
                 152,            0.021863,             0.00641,           0.0013892,              0.6803,             0.59414,             0.57372,             0.25166,            0.041854,            0.010496,           0.0034306,            0.003205,            0.003205,            0.003205
                 153,             0.02377,           0.0065809,           0.0018096,             0.64638,             0.54259,             0.61654,             0.27298,            0.040155,            0.009621,           0.0029971,             0.00316,             0.00316,             0.00316
                 154,            0.022373,           0.0065796,            0.001685,             0.56005,             0.61372,             0.61672,             0.25968,            0.043619,           0.0095504,           0.0035414,            0.003115,            0.003115,            0.003115
                 155,            0.022271,            0.006497,           0.0013354,             0.68406,             0.67998,             0.66925,             0.28849,            0.040582,           0.0092731,           0.0028397,             0.00307,             0.00307,             0.00307
                 156,             0.02158,           0.0062457,           0.0012847,             0.64046,             0.61299,             0.62462,             0.29111,            0.040148,           0.0094059,           0.0031909,            0.003025,            0.003025,            0.003025
                 157,             0.02163,           0.0065761,           0.0014557,             0.65317,             0.53027,             0.61591,             0.31987,            0.039034,           0.0096666,           0.0045851,             0.00298,             0.00298,             0.00298
                 158,            0.021949,            0.006408,           0.0012673,             0.65419,             0.62278,             0.62402,             0.28517,            0.040087,           0.0098271,           0.0038965,            0.002935,            0.002935,            0.002935
                 159,            0.021757,           0.0064517,           0.0011065,             0.69597,              0.6823,             0.65529,             0.29046,            0.040634,           0.0092441,           0.0028675,             0.00289,             0.00289,             0.00289
                 160,            0.021503,           0.0063742,           0.0012009,             0.77027,             0.68294,             0.68936,             0.33657,            0.040862,           0.0089023,           0.0046693,            0.002845,            0.002845,            0.002845
                 161,             0.02149,           0.0063638,           0.0013734,             0.75085,             0.69897,             0.68155,             0.30506,            0.039915,           0.0090343,           0.0032127,              0.0028,              0.0028,              0.0028
                 162,            0.020719,           0.0063307,            0.001348,             0.69392,             0.66644,             0.66418,             0.30258,            0.040571,           0.0094185,            0.005422,            0.002755,            0.002755,            0.002755
                 163,             0.02187,           0.0064099,           0.0011737,             0.79083,             0.69739,             0.69136,             0.31476,            0.040535,           0.0090486,           0.0043599,             0.00271,             0.00271,             0.00271
                 164,            0.021949,           0.0064479,           0.0012018,             0.72177,             0.64615,             0.64397,             0.32803,            0.040521,           0.0092077,           0.0057036,            0.002665,            0.002665,            0.002665
                 165,            0.021667,            0.006275,            0.001095,             0.74374,              0.5276,             0.57675,             0.25794,            0.041517,           0.0091969,           0.0034314,             0.00262,             0.00262,             0.00262
                 166,            0.020878,           0.0065522,           0.0010163,             0.59628,             0.52744,             0.56514,             0.25457,            0.041822,           0.0094761,           0.0039172,            0.002575,            0.002575,            0.002575
                 167,             0.02036,           0.0062132,           0.0012808,             0.57401,             0.57377,             0.59906,             0.26248,            0.041226,           0.0099773,           0.0033905,             0.00253,             0.00253,             0.00253
                 168,            0.020865,           0.0061031,          0.00090331,             0.73006,             0.67561,             0.68861,             0.29136,             0.03935,           0.0091577,           0.0047959,            0.002485,            0.002485,            0.002485
                 169,            0.021426,           0.0064553,           0.0012918,             0.68117,             0.68194,             0.69448,             0.28806,            0.039671,           0.0088264,           0.0036268,             0.00244,             0.00244,             0.00244
                 170,            0.020665,           0.0061235,          0.00099889,             0.67424,              0.5833,             0.66201,             0.25823,            0.041265,           0.0096498,           0.0036393,            0.002395,            0.002395,            0.002395
                 171,            0.020932,           0.0062106,           0.0012913,             0.66202,             0.62611,             0.62598,             0.24672,            0.041467,           0.0094108,           0.0057243,             0.00235,             0.00235,             0.00235
                 172,            0.021064,           0.0062578,           0.0013973,             0.64774,             0.68457,             0.70385,             0.31626,            0.039389,           0.0092128,           0.0030937,            0.002305,            0.002305,            0.002305
                 173,            0.020568,           0.0061039,           0.0012927,               0.715,              0.6068,             0.67555,             0.31608,            0.039955,            0.010038,           0.0034916,             0.00226,             0.00226,             0.00226
                 174,            0.021267,           0.0064001,           0.0012035,             0.79263,             0.66465,             0.68559,             0.32899,            0.040203,            0.009517,            0.004061,            0.002215,            0.002215,            0.002215
                 175,            0.020875,           0.0063515,           0.0011506,             0.67579,             0.66508,             0.64153,             0.28276,            0.040702,           0.0094764,           0.0036193,             0.00217,             0.00217,             0.00217
                 176,            0.020711,           0.0060378,           0.0010081,              0.6362,             0.66847,             0.67129,             0.33021,             0.03839,           0.0095929,           0.0032531,            0.002125,            0.002125,            0.002125
                 177,            0.020252,           0.0058617,          0.00098588,             0.70202,             0.65328,             0.67468,             0.31143,             0.04003,           0.0094189,            0.003737,             0.00208,             0.00208,             0.00208
                 178,            0.020763,           0.0063051,           0.0012983,             0.75404,             0.67397,             0.66707,             0.31427,            0.040574,           0.0091786,           0.0039302,            0.002035,            0.002035,            0.002035
                 179,            0.019927,           0.0060468,           0.0010475,             0.78012,             0.69739,             0.67358,             0.30188,            0.040713,           0.0088818,           0.0035803,             0.00199,             0.00199,             0.00199
                 180,            0.020402,           0.0061329,            0.001181,              0.6773,             0.57406,             0.66678,             0.26682,            0.040384,           0.0096293,             0.00339,            0.001945,            0.001945,            0.001945
                 181,            0.020117,           0.0061146,           0.0011102,              0.7273,             0.64166,             0.64164,             0.29418,            0.041708,           0.0094494,           0.0035582,              0.0019,              0.0019,              0.0019
                 182,            0.020405,           0.0065061,           0.0012313,              0.7374,             0.67542,             0.65271,             0.28956,            0.041398,            0.009454,           0.0040002,            0.001855,            0.001855,            0.001855
                 183,            0.019964,           0.0061921,           0.0011337,             0.70991,             0.65025,             0.64141,             0.26453,            0.040588,           0.0092064,           0.0040928,             0.00181,             0.00181,             0.00181
                 184,            0.020038,           0.0062203,          0.00096685,              0.8276,             0.67971,             0.70111,             0.30955,            0.041536,           0.0086332,           0.0023688,            0.001765,            0.001765,            0.001765
                 185,            0.019605,           0.0058889,           0.0010397,             0.71098,              0.6694,             0.67032,             0.29415,            0.039885,           0.0090861,           0.0026399,             0.00172,             0.00172,             0.00172
                 186,            0.019926,           0.0059726,           0.0010689,             0.73445,              0.6507,             0.66537,             0.27401,            0.041347,           0.0093191,           0.0034248,            0.001675,            0.001675,            0.001675
                 187,            0.020959,           0.0065006,           0.0014209,             0.73332,             0.66655,             0.69627,             0.30786,            0.039695,           0.0092156,           0.0031846,             0.00163,             0.00163,             0.00163
                 188,            0.019933,           0.0061031,           0.0012109,             0.72931,              0.6619,             0.70567,             0.31997,            0.039691,           0.0088069,           0.0029798,            0.001585,            0.001585,            0.001585
                 189,            0.019896,           0.0061231,           0.0010052,             0.65167,             0.64236,             0.62481,             0.26551,            0.041495,           0.0091981,             0.00367,             0.00154,             0.00154,             0.00154
                 190,            0.019662,           0.0059217,           0.0011357,             0.66803,             0.63631,             0.62936,             0.30101,            0.041051,           0.0089042,           0.0034798,            0.001495,            0.001495,            0.001495
                 191,            0.019726,           0.0059304,           0.0011013,             0.57064,             0.57281,              0.6281,             0.25107,            0.040587,           0.0092749,           0.0020444,             0.00145,             0.00145,             0.00145
                 192,            0.020586,           0.0062245,           0.0012171,             0.82755,             0.64906,             0.67306,             0.30837,            0.040834,            0.008889,           0.0032293,            0.001405,            0.001405,            0.001405
                 193,            0.019401,           0.0058547,           0.0012747,             0.80745,             0.67668,             0.71092,              0.3233,            0.039923,           0.0090475,           0.0031476,             0.00136,             0.00136,             0.00136
                 194,            0.019966,           0.0059707,           0.0011238,             0.62317,              0.6375,             0.62359,              0.2785,            0.040529,           0.0092301,           0.0027463,            0.001315,            0.001315,            0.001315
                 195,            0.019652,           0.0059683,          0.00091185,             0.64516,             0.62693,             0.62807,             0.28174,            0.041692,           0.0093453,           0.0026218,             0.00127,             0.00127,             0.00127
                 196,            0.019347,           0.0060098,            0.001113,             0.66416,             0.64348,             0.64972,             0.30913,            0.040851,           0.0096261,           0.0028039,            0.001225,            0.001225,            0.001225
                 197,            0.019852,           0.0059032,           0.0010209,             0.68731,             0.58444,             0.61915,             0.29578,            0.042187,           0.0097466,           0.0032928,             0.00118,             0.00118,             0.00118
                 198,            0.019592,           0.0061469,           0.0011466,             0.74629,             0.64379,             0.65098,             0.30387,            0.041826,           0.0092193,           0.0033137,            0.001135,            0.001135,            0.001135
                 199,            0.019587,           0.0059391,          0.00096861,             0.81939,             0.66598,             0.67656,             0.31978,            0.041194,           0.0089107,           0.0032937,             0.00109,             0.00109,             0.00109
